{"cameraMode":{"drawMode":0,"name":"Shaded","section":"Shading Mode"},"sceneLighting":false,"audioPlay":false,"sceneViewState":{"m_AlwaysRefresh":false,"showFog":false,"showSkybox":false,"showFlares":false,"showImageEffects":false,"showParticleSystems":false,"showVisualEffectGraphs":true,"m_FxEnabled":true},"in2DMode":false,"pivot":{"x":0.00018739700317382813,"y":0.8521242141723633,"z":0.004513159394264221},"rotation":{"x":-0.13856329023838044,"y":-0.16525375843048097,"z":0.023456918075680734,"w":-0.9761941432952881},"size":1.3413704633712769,"orthographic":false}