{"cameraMode":{"drawMode":0,"name":"Shaded","section":"Shading Mode"},"sceneLighting":true,"audioPlay":false,"sceneViewState":{"m_AlwaysRefresh":false,"showFog":true,"showSkybox":true,"showFlares":true,"showImageEffects":true,"showParticleSystems":true,"showVisualEffectGraphs":true,"m_FxEnabled":true},"in2DMode":false,"pivot":{"x":203.39999389648438,"y":35.97999572753906,"z":-62.80000305175781},"rotation":{"x":0.08421017974615097,"y":-0.8982097506523132,"z":0.19708839058876038,"w":0.38378310203552248},"size":24.017690658569337,"orthographic":false}