{"cameraMode":{"drawMode":0,"name":"Shaded","section":"Shading Mode"},"sceneLighting":true,"audioPlay":false,"sceneViewState":{"m_AlwaysRefresh":false,"showFog":true,"showSkybox":true,"showFlares":true,"showImageEffects":true,"showParticleSystems":true,"showVisualEffectGraphs":true,"m_FxEnabled":true},"in2DMode":false,"pivot":{"x":339.09185791015627,"y":60.29194641113281,"z":-225.47061157226563},"rotation":{"x":0.31119269132614138,"y":0.017105530947446824,"z":-0.005601775832474232,"w":0.9501798152923584},"size":63.64555358886719,"orthographic":false}