{"cameraMode":{"drawMode":0,"name":"Shaded","section":"Shading Mode"},"sceneLighting":true,"audioPlay":false,"sceneViewState":{"m_AlwaysRefresh":false,"showFog":true,"showSkybox":true,"showFlares":true,"showImageEffects":true,"showParticleSystems":true,"showVisualEffectGraphs":true,"m_FxEnabled":true},"in2DMode":false,"pivot":{"x":213.97885131835938,"y":72.99597930908203,"z":-155.82012939453126},"rotation":{"x":0.14187505841255189,"y":-0.33711230754852297,"z":0.05146697908639908,"w":0.9292908310890198},"size":8.799469947814942,"orthographic":false}