{"cameraMode":{"drawMode":0,"name":"Shaded","section":"Shading Mode"},"sceneLighting":true,"audioPlay":false,"sceneViewState":{"m_AlwaysRefresh":false,"showFog":true,"showSkybox":true,"showFlares":true,"showImageEffects":true,"showParticleSystems":true,"showVisualEffectGraphs":true,"m_FxEnabled":true},"in2DMode":false,"pivot":{"x":222.62416076660157,"y":93.31053161621094,"z":-81.46733093261719},"rotation":{"x":0.2626713216304779,"y":0.27317094802856448,"z":-0.07781517505645752,"w":0.9221408367156982},"size":7.0387701988220219,"orthographic":false}