{"cameraMode":{"drawMode":0,"name":"Shaded","section":"Shading Mode"},"sceneLighting":true,"audioPlay":false,"sceneViewState":{"m_AlwaysRefresh":false,"showFog":true,"showSkybox":true,"showFlares":true,"showImageEffects":true,"showParticleSystems":true,"showVisualEffectGraphs":true,"m_FxEnabled":true},"in2DMode":false,"pivot":{"x":117.46258544921875,"y":-95.49369812011719,"z":312.7195129394531},"rotation":{"x":0.20531509816646577,"y":-0.12440209090709686,"z":0.026318175718188287,"w":0.9704086184501648},"size":293.29278564453127,"orthographic":false}