{"cameraMode":{"drawMode":0,"name":"Shaded","section":"Shading Mode"},"sceneLighting":true,"audioPlay":false,"sceneViewState":{"m_AlwaysRefresh":false,"showFog":true,"showSkybox":true,"showFlares":true,"showImageEffects":true,"showParticleSystems":true,"showVisualEffectGraphs":true,"m_FxEnabled":true},"in2DMode":false,"pivot":{"x":31.96712875366211,"y":9.395912170410157,"z":-138.06390380859376},"rotation":{"x":-0.13856329023838044,"y":-0.16525375843048097,"z":0.023456918075680734,"w":-0.9761941432952881},"size":15.503560066223145,"orthographic":false}