{"cameraMode":{"drawMode":0,"name":"Shaded","section":"Shading Mode"},"sceneLighting":false,"audioPlay":false,"sceneViewState":{"m_AlwaysRefresh":false,"showFog":true,"showSkybox":false,"showFlares":true,"showImageEffects":true,"showParticleSystems":true,"showVisualEffectGraphs":true,"m_FxEnabled":true},"in2DMode":false,"pivot":{"x":-18.251068115234376,"y":-10.743947982788086,"z":7.4793829917907719},"rotation":{"x":-0.009219706989824772,"y":-0.9548719525337219,"z":0.29537707567214968,"w":-0.029805537313222886},"size":11.002083778381348,"orthographic":false}