{"cameraMode":{"drawMode":0,"name":"Shaded","section":"Shading Mode"},"sceneLighting":false,"audioPlay":false,"sceneViewState":{"m_AlwaysRefresh":false,"showFog":true,"showSkybox":false,"showFlares":true,"showImageEffects":true,"showParticleSystems":true,"showVisualEffectGraphs":true,"m_FxEnabled":true},"in2DMode":false,"pivot":{"x":-410.7218933105469,"y":169.07485961914063,"z":192.47067260742188},"rotation":{"x":-0.018428154289722444,"y":-0.9539006948471069,"z":0.2935096025466919,"w":-0.059891946613788608},"size":277.1915283203125,"orthographic":false}