{"cameraMode":{"drawMode":0,"name":"Shaded","section":"Shading Mode"},"sceneLighting":false,"audioPlay":false,"sceneViewState":{"m_AlwaysRefresh":false,"showFog":true,"showSkybox":false,"showFlares":true,"showImageEffects":true,"showParticleSystems":true,"showVisualEffectGraphs":true,"m_FxEnabled":true},"in2DMode":false,"pivot":{"x":-10.228426933288575,"y":122.01888275146485,"z":160.3099365234375},"rotation":{"x":0.13077197968959809,"y":-0.8469653725624085,"z":0.2440074235200882,"w":0.45391905307769778},"size":1.2328097820281983,"orthographic":false}