{"cameraMode":{"drawMode":0,"name":"Shaded","section":"Shading Mode"},"sceneLighting":false,"audioPlay":false,"sceneViewState":{"m_AlwaysRefresh":false,"showFog":true,"showSkybox":false,"showFlares":true,"showImageEffects":true,"showParticleSystems":true,"showVisualEffectGraphs":true,"m_FxEnabled":true},"in2DMode":false,"pivot":{"x":-9.584077835083008,"y":-4.380000114440918,"z":2.1540000438690187},"rotation":{"x":-0.06599793583154679,"y":-0.9317770600318909,"z":0.28364434838294985,"w":-0.21679602563381196},"size":0.26389485597610476,"orthographic":false}